time_stamp,2.5_um_count,10.0_um_count,pm2.5_atm,pm10.0_atm,latitude,longitude
2025-01-20T14:40:00-08:00,0.39,0.1,0.0,0.095,34.14563,-118.00675
2025-01-20T15:00:00-08:00,1.068,0.2214999999999999,0.0,0.1335,,
2025-01-20T15:10:00-08:00,1.503,0.136,0.05,0.33,,
2025-01-20T15:20:00-08:00,1.431,0.327,0.054,0.382,,
2025-01-20T15:30:00-08:00,1.788,0.381,0.025,0.3309999999999999,,
2025-01-20T15:40:00-08:00,2.691,0.443,0.079,0.861,,
2025-01-20T15:50:00-08:00,2.0195,0.4335,0.0325,0.672,,
2025-01-20T16:00:00-08:00,3.21,0.54,0.1375,1.205,,
2025-01-20T16:10:00-08:00,2.891,0.704,0.1669999999999999,1.161,,
2025-01-20T16:20:00-08:00,2.239,0.358,0.2,0.746,,
2025-01-20T16:30:00-08:00,1.1835,0.2215,0.0,0.185,,
2025-01-20T16:40:00-08:00,1.62,0.1969999999999999,0.049,0.416,,
2025-01-20T16:50:00-08:00,1.416,0.418,0.014,0.331,,
2025-01-20T17:00:00-08:00,1.071,0.183,0.0,0.184,,
2025-01-20T17:10:00-08:00,1.241,0.1669999999999999,0.13,0.42,,
2025-01-20T17:20:00-08:00,2.752,0.322,0.954,1.685,,
2025-01-20T17:30:00-08:00,3.146,0.4439999999999999,0.764,1.569,,
2025-01-20T17:40:00-08:00,3.387,0.5369999999999999,1.07,2.016,,
2025-01-20T17:50:00-08:00,5.338,0.392,5.84,6.603,,
2025-01-20T18:00:00-08:00,4.768,0.406,3.647,4.563,,
2025-01-20T18:10:00-08:00,3.711,0.445,3.0090000000000003,3.89,,
2025-01-20T18:20:00-08:00,3.642,0.609,3.364,4.239,,
2025-01-20T18:30:00-08:00,5.721,0.732,4.871,5.99,,
2025-01-20T18:40:00-08:00,6.783,1.058,3.203,5.151,,
2025-01-20T18:50:00-08:00,5.569,0.5720000000000001,3.104,4.473,,
2025-01-20T19:00:00-08:00,4.825,0.6970000000000001,3.317,4.488,,
2025-01-20T19:10:00-08:00,4.311,0.471,2.841,3.816,,
2025-01-20T19:20:00-08:00,4.898,0.5720000000000001,2.808,3.884,,
2025-01-20T19:30:00-08:00,32.507,1.9865,13.891,20.3185,,
2025-01-20T19:40:00-08:00,92.137,4.043,36.569,52.955,,
2025-01-20T19:50:00-08:00,82.436,3.5380000000000003,41.295,56.279,,
2025-01-20T20:00:00-08:00,47.144,2.096,26.705,35.098,,
2025-01-20T20:10:00-08:00,25.391,1.076,14.68,19.037,,
2025-01-20T20:20:00-08:00,7.136,0.6439999999999999,4.242,5.618,,
2025-01-20T20:30:00-08:00,5.415,0.6639999999999999,3.294,4.428,,
2025-01-20T20:40:00-08:00,4.96,0.5315,2.8105,3.8905,,
2025-01-20T20:50:00-08:00,5.678,0.438,3.501,4.573,,
2025-01-20T21:00:00-08:00,6.765000000000001,0.545,5.13,6.281000000000001,,
2025-01-20T21:10:00-08:00,5.644,0.25,4.077999999999999,4.927,,
2025-01-20T21:20:00-08:00,5.712,0.94,3.193,4.769,,
2025-01-20T21:30:00-08:00,6.79,0.96,3.358,4.949,,
2025-01-20T21:40:00-08:00,5.484,0.407,3.1980000000000004,4.193,,
2025-01-20T21:50:00-08:00,4.082,0.382,1.789,2.7,,
2025-01-20T22:00:00-08:00,4.3420000000000005,0.395,1.714,2.716,,
2025-01-20T22:10:00-08:00,3.525,0.538,1.6789999999999998,2.683,,
2025-01-20T22:20:00-08:00,3.779,0.363,1.742,2.478,,
2025-01-20T22:30:00-08:00,3.7225,0.384,1.374,2.2275,,
2025-01-20T22:40:00-08:00,4.058,0.614,1.366,2.402,,
2025-01-20T22:50:00-08:00,4.274,0.523,1.708,2.725,,
2025-01-20T23:00:00-08:00,4.264,0.282,1.97,2.728,,
2025-01-20T23:10:00-08:00,2.465,0.287,0.7150000000000001,1.344,,
2025-01-20T23:20:00-08:00,3.989,0.37,1.142,1.999,,
2025-01-20T23:30:00-08:00,3.699,0.451,1.239,2.027,,
2025-01-20T23:40:00-08:00,3.391,0.245,1.024,1.687,,
2025-01-20T23:50:00-08:00,2.363,0.3319999999999999,0.916,1.54,,
2025-01-21T07:00:00-08:00,3.5580000000000003,0.276,1.1269999999999998,1.903,,
2025-01-21T07:10:00-08:00,4.1530000000000005,0.372,1.854,2.713,,
2025-01-21T07:20:00-08:00,4.28,0.3399999999999999,1.586,2.623,,
2025-01-21T07:30:00-08:00,3.89,0.501,1.422,2.522,,
2025-01-21T07:40:00-08:00,5.204,0.71,1.892,3.261,,
2025-01-21T07:50:00-08:00,7.734999999999999,0.8160000000000001,4.072,6.15,,
2025-01-21T08:00:00-08:00,5.619,0.756,2.887,4.329,,
2025-01-21T08:10:00-08:00,6.196,0.928,2.866,4.422,,
2025-01-21T08:20:00-08:00,6.0325,0.9585,2.4715,4.369,,
2025-01-21T08:30:00-08:00,9.786,1.06,3.714,6.117,,
2025-01-21T08:40:00-08:00,6.362,0.827,2.132,3.766,,
2025-01-21T08:50:00-08:00,3.523,0.516,1.1949999999999998,1.997,,
2025-01-21T09:00:00-08:00,4.074,0.511,1.352,2.307,,
2025-01-21T09:10:00-08:00,5.394,0.869,1.443,3.066,,
2025-01-21T09:20:00-08:00,2.91,0.487,0.79,1.478,,
2025-01-21T09:30:00-08:00,2.951,0.315,0.722,1.482,,
2025-01-21T09:40:00-08:00,2.9210000000000003,0.496,0.604,1.422,,
2025-01-21T09:50:00-08:00,3.375,0.58,0.7915000000000001,1.7035,,
2025-01-21T10:00:00-08:00,3.6325,0.525,0.9915,1.8875,,
2025-01-21T10:10:00-08:00,2.505,0.4215,0.6799999999999999,1.419,,
2025-01-21T10:20:00-08:00,2.888,0.554,0.855,1.761,,
2025-01-21T10:30:00-08:00,2.511,0.4589999999999999,0.5650000000000001,1.146,,
2025-01-21T10:40:00-08:00,2.5725,0.29,0.6835,1.3315,,
2025-01-21T10:50:00-08:00,2.9365,0.621,0.609,1.706,,
2025-01-21T11:00:00-08:00,2.536,0.315,0.497,0.972,,
2025-01-21T11:10:00-08:00,2.488,0.2799999999999999,0.343,0.912,,
2025-01-21T11:20:00-08:00,1.966,0.258,0.268,0.6950000000000001,,
2025-01-21T11:30:00-08:00,1.7185,0.365,0.1765,0.5465,,
2025-01-21T11:40:00-08:00,1.915,0.39,0.342,0.8015000000000001,,
2025-01-21T11:50:00-08:00,1.6625,0.3,0.2375,0.6174999999999999,,
2025-01-21T12:10:00-08:00,1.59,0.31,0.2249999999999999,0.47,,
2025-01-21T12:20:00-08:00,2.525,0.4675,0.315,0.985,,
2025-01-21T12:30:00-08:00,2.345,0.47,0.4449999999999999,1.118,,
2025-01-21T12:40:00-08:00,2.092,0.305,0.387,0.994,,
2025-01-21T12:50:00-08:00,2.221,0.348,0.459,0.933,,
2025-01-21T13:00:00-08:00,3.175,0.5914999999999999,0.3835,1.4135,,
2025-01-21T13:10:00-08:00,1.7165,0.1699999999999999,0.3265,0.76,,
2025-01-21T13:20:00-08:00,2.0075000000000003,0.487,0.4559999999999999,1.1775,,
2025-01-21T13:30:00-08:00,1.96,0.3385,0.4375,1.0035,,
2025-01-21T13:40:00-08:00,2.2455,0.3865,0.441,1.145,,
2025-01-21T13:50:00-08:00,3.1335,0.2865,0.633,1.4449999999999998,,
2025-01-21T14:00:00-08:00,3.18,0.855,0.92,1.865,,
2025-01-21T14:10:00-08:00,6.5215,1.0,1.5025,3.6125,,
2025-01-21T14:20:00-08:00,2.6815,0.5865,0.7235,1.44,,
2025-01-21T14:30:00-08:00,2.6900000000000004,0.4,0.505,1.145,,
2025-01-21T14:40:00-08:00,2.5675,0.195,0.7324999999999999,1.235,,
2025-01-21T15:10:00-08:00,2.145,0.435,0.8,1.165,,
2025-01-21T15:20:00-08:00,1.78,0.135,0.96,1.295,,
2025-01-21T15:40:00-08:00,2.05,0.321,0.422,1.053,,
2025-01-21T15:50:00-08:00,2.1375,0.4125,0.7064999999999999,1.426,,
2025-01-21T16:00:00-08:00,2.749,0.306,0.72,1.394,,
2025-01-21T16:10:00-08:00,3.391,0.433,1.109,1.99,,
2025-01-21T16:20:00-08:00,6.3580000000000005,1.118,2.3915,4.176500000000001,,
2025-01-21T16:30:00-08:00,3.5485,0.475,1.096,2.0,,
2025-01-21T16:40:00-08:00,4.451,0.644,1.685,3.101,,
2025-01-21T16:50:00-08:00,5.191,0.672,1.539,3.109,,
2025-01-21T17:00:00-08:00,5.327999999999999,0.706,1.595,3.003,,
2025-01-21T17:10:00-08:00,8.596499999999999,1.4015,2.424,4.933,,
2025-01-21T17:20:00-08:00,10.205,1.9525,3.12,6.0665,,
2025-01-21T17:30:00-08:00,11.075,0.542,9.6935,11.315,,
2025-01-21T17:40:00-08:00,5.788,0.241,4.456,5.37,,
2025-01-21T17:50:00-08:00,3.816,0.266,2.2510000000000003,2.895,,
2025-01-21T18:00:00-08:00,3.877,0.541,1.71,2.711,,
2025-01-21T18:10:00-08:00,3.676,0.4225,1.976,2.8975,,
2025-01-21T18:20:00-08:00,2.481,0.22,1.654,2.0460000000000003,,
2025-01-21T18:30:00-08:00,3.2415000000000003,0.334,1.094,1.7615,,
2025-01-21T18:40:00-08:00,2.783,0.398,1.111,1.831,,
2025-01-21T18:50:00-08:00,2.289,0.237,0.903,1.443,,
2025-01-21T19:00:00-08:00,2.716,0.356,1.107,1.831,,
2025-01-21T19:10:00-08:00,5.4835,0.357,7.2385,7.968,,
2025-01-21T19:20:00-08:00,3.9945,0.235,3.5985,4.225,,
2025-01-21T19:30:00-08:00,3.3735,0.105,2.385,2.8465,,
2025-01-21T19:40:00-08:00,3.665,0.3685,2.3275,2.9675,,
2025-01-21T19:50:00-08:00,13.0715,0.517,10.132,11.898,,
2025-01-21T20:00:00-08:00,4.565,0.361,3.775,4.609,,
2025-01-21T20:10:00-08:00,7.823,1.179,3.871,6.147,,
2025-01-21T20:20:00-08:00,7.715999999999999,0.636,5.542,7.044,,
2025-01-21T20:30:00-08:00,8.34,0.4075,7.1935,8.549,,
2025-01-21T20:40:00-08:00,7.5675,0.455,5.4925,6.8525,,
2025-01-21T20:50:00-08:00,6.016,0.482,4.212,5.158,,
2025-01-21T21:00:00-08:00,15.905,2.327,7.3035,11.475,,
2025-01-21T21:10:00-08:00,8.850999999999999,0.6165,7.146,8.907499999999999,,
2025-01-21T21:20:00-08:00,6.800000000000001,0.4225,4.585,5.755,,
2025-01-21T21:30:00-08:00,5.515000000000001,0.3275,4.3325,5.125,,
2025-01-21T21:40:00-08:00,7.632,0.411,5.392,6.557,,
2025-01-21T21:50:00-08:00,5.734999999999999,0.324,3.686,4.668,,
2025-01-21T22:00:00-08:00,4.774,0.3135,3.05,3.7205,,
2025-01-21T22:10:00-08:00,6.651999999999999,0.252,6.01,6.7435,,
2025-01-21T22:20:00-08:00,6.855,0.325,4.6625,5.7,,
2025-01-21T22:30:00-08:00,5.304,0.373,3.8,4.67,,
2025-01-21T22:40:00-08:00,5.0365,0.385,3.592,4.51,,
2025-01-21T22:50:00-08:00,4.1905,0.4095,2.701,3.5425,,
2025-01-21T23:00:00-08:00,4.198,0.31,2.356,3.169,,
2025-01-21T23:10:00-08:00,4.3870000000000005,0.238,2.706,3.327,,
2025-01-21T23:20:00-08:00,3.6115,0.22,2.5285,3.013,,
2025-01-21T23:30:00-08:00,3.5540000000000003,0.398,2.423,3.141,,
2025-01-21T23:40:00-08:00,2.931,0.184,2.811,3.399,,
2025-01-21T23:50:00-08:00,3.938,0.177,2.9930000000000003,3.622,,
2025-01-22T07:00:00-08:00,3.681,0.357,2.04,2.873,,
2025-01-22T07:10:00-08:00,3.566,0.455,1.44,2.347,,
2025-01-22T07:20:00-08:00,5.404,0.5249999999999999,2.973,4.3870000000000005,,
2025-01-22T07:30:00-08:00,8.711,1.346,3.748,6.683,,
2025-01-22T07:40:00-08:00,5.898,0.742,2.351,3.681,,
2025-01-22T07:50:00-08:00,6.658,0.8999999999999999,2.983,4.659000000000001,,
2025-01-22T08:00:00-08:00,10.591,1.326,4.215,6.93,,
2025-01-22T08:10:00-08:00,15.298,2.075,5.83,10.086,,
2025-01-22T08:20:00-08:00,14.136,1.494,5.769,9.164,,
2025-01-22T08:30:00-08:00,14.862,1.717,5.939,9.795,,
2025-01-22T08:40:00-08:00,12.284,1.436,5.3100000000000005,8.225999999999999,,
2025-01-22T08:50:00-08:00,9.189,1.286,4.144,6.569,,
2025-01-22T09:00:00-08:00,11.468,1.489,4.606,7.529,,
2025-01-22T09:10:00-08:00,10.762,1.257,4.292,6.763,,
2025-01-22T09:20:00-08:00,11.059,1.429,3.81,6.89,,
2025-01-22T09:30:00-08:00,10.42,1.72,3.196,6.446,,
2025-01-22T09:40:00-08:00,9.663,1.157,3.231,5.622,,
2025-01-22T09:50:00-08:00,11.157,1.376,3.743,6.779,,
2025-01-22T10:00:00-08:00,7.484,1.128,2.5620000000000003,4.709,,
2025-01-22T10:10:00-08:00,4.574,0.614,1.354,2.52,,
2025-01-22T10:20:00-08:00,3.425,0.533,1.209,2.194,,
2025-01-22T10:30:00-08:00,3.379,0.541,1.049,1.92,,
2025-01-22T10:40:00-08:00,2.623,0.431,0.993,1.7799999999999998,,
2025-01-22T10:50:00-08:00,2.0090000000000003,0.2139999999999999,0.6759999999999999,1.1720000000000002,,
2025-01-22T11:00:00-08:00,4.674,0.654,1.101,2.497,,
2025-01-22T11:10:00-08:00,4.302,0.7250000000000001,1.08,2.409,,
2025-01-22T11:20:00-08:00,3.03,0.587,0.885,1.887,,
2025-01-22T11:30:00-08:00,1.829,0.147,0.882,1.262,,
2025-01-22T11:40:00-08:00,1.4209999999999998,0.017,1.011,1.282,,
2025-01-22T11:50:00-08:00,1.754,0.223,0.859,1.265,,
2025-01-22T12:00:00-08:00,1.773,0.227,0.8300000000000001,1.236,,
2025-01-22T12:10:00-08:00,1.879,0.204,0.904,1.367,,
2025-01-22T12:20:00-08:00,1.929,0.182,1.334,1.747,,
2025-01-22T12:30:00-08:00,2.468,0.1709999999999999,1.893,2.337,,
2025-01-22T12:40:00-08:00,2.09,0.2019999999999999,1.4489999999999998,1.859,,
2025-01-22T12:50:00-08:00,2.636,0.301,1.6909999999999998,2.253,,
2025-01-22T13:00:00-08:00,1.754,0.1949999999999999,0.846,1.1869999999999998,,
2025-01-22T13:10:00-08:00,1.93,0.323,0.424,0.97,,
2025-01-22T13:20:00-08:00,1.624,0.064,0.287,0.612,,
2025-01-22T13:30:00-08:00,1.899,0.249,0.198,0.6339999999999999,,
2025-01-22T13:40:00-08:00,2.9175,0.283,0.4405,1.13,,
2025-01-22T13:50:00-08:00,1.917,0.198,0.366,0.812,,
2025-01-22T14:00:00-08:00,1.363,0.201,0.213,0.476,,
2025-01-22T14:10:00-08:00,1.604,0.194,0.161,0.498,,
2025-01-22T14:20:00-08:00,1.12,0.204,0.372,0.637,,
2025-01-22T14:30:00-08:00,1.617,0.1699999999999999,0.38,0.792,,
2025-01-22T14:40:00-08:00,1.613,0.213,0.123,0.5449999999999999,,
2025-01-22T14:50:00-08:00,1.306,0.094,0.319,0.591,,
2025-01-22T15:00:00-08:00,1.1960000000000002,0.21,0.0569999999999999,0.268,,
2025-01-22T15:10:00-08:00,1.1375000000000002,0.2309999999999999,0.085,0.3335,,
2025-01-22T15:20:00-08:00,1.277,0.211,0.27,0.532,,
2025-01-22T15:30:00-08:00,1.4209999999999998,0.196,0.163,0.531,,
2025-01-22T15:40:00-08:00,1.539,0.149,0.199,0.535,,
2025-01-22T15:50:00-08:00,2.834,0.405,0.397,1.259,,
2025-01-22T16:00:00-08:00,1.571,0.192,0.384,0.846,,
2025-01-22T16:10:00-08:00,4.579000000000001,0.368,2.214,3.278,,
2025-01-22T16:20:00-08:00,4.481999999999999,0.6759999999999999,1.304,2.576,,
2025-01-22T16:30:00-08:00,3.795,0.756,0.8520000000000001,2.103,,
2025-01-22T16:40:00-08:00,2.928,0.614,0.383,1.295,,
2025-01-22T16:50:00-08:00,3.9,0.736,0.6819999999999999,1.885,,
2025-01-22T17:00:00-08:00,3.274,0.578,0.777,1.763,,
2025-01-22T17:10:00-08:00,4.444,0.659,1.031,2.394,,
2025-01-22T17:20:00-08:00,3.23,0.637,0.72,1.774,,
2025-01-22T17:30:00-08:00,3.129,0.4609999999999999,1.077,1.98,,
2025-01-22T17:40:00-08:00,4.2330000000000005,0.612,1.76,2.973,,
2025-01-22T17:50:00-08:00,4.612,0.461,3.439,4.4190000000000005,,
2025-01-22T18:00:00-08:00,4.553,0.5780000000000001,3.465,4.48,,
2025-01-22T18:10:00-08:00,5.383,0.7430000000000001,4.187,5.494,,
2025-01-22T18:20:00-08:00,5.661,0.497,4.09,5.242,,
2025-01-22T18:30:00-08:00,4.158,0.4029999999999999,2.699,3.447,,
2025-01-22T18:40:00-08:00,3.09,0.2739999999999999,1.589,2.361,,
2025-01-22T18:50:00-08:00,3.991,0.494,2.7880000000000003,3.591,,
2025-01-22T19:00:00-08:00,3.686,0.257,2.341,3.079,,
2025-01-22T19:10:00-08:00,2.854,0.307,1.533,2.162,,
2025-01-22T19:20:00-08:00,3.3040000000000003,0.482,1.782,2.553,,
2025-01-22T19:30:00-08:00,2.263,0.191,1.1,1.651,,
2025-01-22T19:40:00-08:00,3.652,0.4609999999999999,1.542,2.402,,
2025-01-22T19:50:00-08:00,3.563,0.252,1.937,2.654,,
2025-01-22T20:00:00-08:00,4.26,0.3359999999999999,3.119,3.713,,
2025-01-22T20:10:00-08:00,1.917,0.175,2.448,2.79,,
2025-01-22T20:20:00-08:00,3.325,0.499,1.458,2.22,,
2025-01-22T20:30:00-08:00,2.681,0.281,1.262,1.845,,
2025-01-22T20:40:00-08:00,3.81,0.3359999999999999,1.74,2.441,,
2025-01-22T20:50:00-08:00,2.472,0.099,1.093,1.556,,
2025-01-22T21:00:00-08:00,2.072,0.259,0.946,1.333,,
2025-01-22T21:10:00-08:00,2.855,0.271,1.168,1.734,,
2025-01-22T21:20:00-08:00,8.317,1.421,1.884,4.497999999999999,,
2025-01-22T21:30:00-08:00,7.959,1.194,2.919,5.072,,
2025-01-22T21:40:00-08:00,2.474,0.26,1.065,1.554,,
2025-01-22T21:50:00-08:00,3.684,0.5760000000000001,0.775,1.933,,
2025-01-22T22:00:00-08:00,2.658,0.437,1.057,1.76,,
2025-01-22T22:10:00-08:00,2.056,0.137,0.861,1.209,,
2025-01-22T22:20:00-08:00,2.235,0.28,0.5740000000000001,1.137,,
2025-01-22T22:30:00-08:00,1.762,0.183,0.412,0.744,,
2025-01-22T22:40:00-08:00,1.922,0.358,0.542,1.114,,
2025-01-22T22:50:00-08:00,1.806,0.252,1.056,1.476,,
2025-01-22T23:00:00-08:00,2.277,0.154,0.91,1.267,,
2025-01-22T23:10:00-08:00,2.391,0.175,0.755,1.149,,
2025-01-22T23:20:00-08:00,1.198,0.083,0.249,0.444,,
2025-01-22T23:30:00-08:00,2.069,0.175,1.283,1.609,,
2025-01-22T23:40:00-08:00,1.993,0.174,0.617,1.074,,
2025-01-22T23:50:00-08:00,1.83,0.1699999999999999,1.022,1.374,,
2025-01-23T07:00:00-08:00,3.5540000000000003,0.306,2.526,3.286,,
2025-01-23T07:10:00-08:00,3.892,0.438,2.471,3.256,,
2025-01-23T07:20:00-08:00,6.327,0.512,3.058,4.579000000000001,,
2025-01-23T07:30:00-08:00,8.853,1.245,4.007,6.402,,
2025-01-23T07:40:00-08:00,9.532,1.207,4.556,6.893,,
2025-01-23T07:50:00-08:00,11.09,1.504,4.423,7.644,,
2025-01-23T08:00:00-08:00,11.768,1.499,4.966,8.286000000000001,,
2025-01-23T08:10:00-08:00,18.387,2.878,5.994,11.502,,
2025-01-23T08:20:00-08:00,18.603,2.446,7.674,12.821,,
2025-01-23T08:30:00-08:00,12.954,1.555,5.886,9.388000000000002,,
2025-01-23T08:40:00-08:00,9.144,1.015,4.381,6.652,,
2025-01-23T08:50:00-08:00,9.888,0.83,4.302,6.601,,
2025-01-23T09:00:00-08:00,6.618,0.64,3.498,4.974,,
2025-01-23T09:10:00-08:00,4.848,0.655,1.63,3.037,,
2025-01-23T09:20:00-08:00,3.778,0.772,0.946,2.334,,
2025-01-23T09:30:00-08:00,4.289,0.752,1.27,2.6020000000000003,,
2025-01-23T09:40:00-08:00,4.311,0.621,1.544,2.748,,
2025-01-23T09:50:00-08:00,3.894,0.397,2.12,2.895,,
2025-01-23T10:00:00-08:00,2.973,0.373,1.5550000000000002,2.28,,
2025-01-23T10:10:00-08:00,3.268,0.424,1.709,2.645,,
2025-01-23T10:20:00-08:00,2.556,0.241,0.945,1.534,,
2025-01-23T10:30:00-08:00,1.836,0.323,0.443,1.042,,
2025-01-23T10:40:00-08:00,2.078,0.335,0.5609999999999999,1.073,,
2025-01-23T10:50:00-08:00,1.839,0.223,0.449,0.8939999999999999,,
2025-01-23T11:00:00-08:00,2.295,0.237,0.39,1.028,,
2025-01-23T11:10:00-08:00,2.0860000000000003,0.368,0.485,1.167,,
2025-01-23T11:20:00-08:00,2.309,0.513,0.676,1.34,,
2025-01-23T11:30:00-08:00,2.896,0.388,0.827,1.565,,
2025-01-23T11:40:00-08:00,3.59,0.517,1.786,2.708,,
2025-01-23T11:50:00-08:00,3.419,0.387,2.018,2.895,,
2025-01-23T12:00:00-08:00,3.0765,0.3475,1.6385,2.404,,
2025-01-23T12:10:00-08:00,2.875,0.508,1.378,2.293,,
2025-01-23T12:20:00-08:00,2.385,0.206,1.362,1.882,,
2025-01-23T12:30:00-08:00,2.749,0.349,1.568,2.239,,
2025-01-23T12:40:00-08:00,3.38,0.391,2.2590000000000003,3.119,,
2025-01-23T12:50:00-08:00,4.009,0.633,1.846,3.077,,
2025-01-23T13:00:00-08:00,3.175,0.65,2.118,3.103,,
2025-01-23T13:10:00-08:00,3.259,0.369,1.79,2.491,,
2025-01-23T13:20:00-08:00,2.593,0.452,0.794,1.599,,
2025-01-23T13:30:00-08:00,2.837,0.583,0.839,1.765,,
2025-01-23T13:40:00-08:00,3.007,0.673,0.734,1.6720000000000002,,
2025-01-23T13:50:00-08:00,2.965,0.55,0.622,1.479,,
2025-01-23T14:00:00-08:00,2.577,0.5760000000000001,0.365,1.336,,
2025-01-23T14:10:00-08:00,2.374,0.244,0.488,1.0790000000000002,,
2025-01-23T14:20:00-08:00,2.647,0.388,0.501,1.298,,
2025-01-23T14:30:00-08:00,2.4000000000000004,0.585,0.315,1.172,,
2025-01-23T14:40:00-08:00,2.238,0.2985,0.304,0.7749999999999999,,
2025-01-23T14:50:00-08:00,2.547,0.4629999999999999,0.395,1.201,,
2025-01-23T15:00:00-08:00,2.692,0.462,0.292,1.148,,
2025-01-23T15:10:00-08:00,3.549,0.623,0.515,1.668,,
2025-01-23T15:20:00-08:00,3.149,0.5920000000000001,0.493,1.498,,
2025-01-23T15:30:00-08:00,2.992,0.6040000000000001,0.4549999999999999,1.423,,
2025-01-23T15:40:00-08:00,2.822,0.6679999999999999,0.376,1.366,,
2025-01-23T15:50:00-08:00,3.037,0.43,0.823,1.616,,
2025-01-23T16:00:00-08:00,2.431,0.44,0.321,1.202,,
2025-01-23T16:10:00-08:00,7.417,0.918,1.5539999999999998,3.588,,
2025-01-23T16:20:00-08:00,3.783,0.514,0.67,1.834,,
2025-01-23T16:30:00-08:00,3.969,0.877,0.839,2.193,,
2025-01-23T16:40:00-08:00,3.292,0.604,0.905,1.883,,
2025-01-23T16:50:00-08:00,3.576,0.475,0.782,1.946,,
2025-01-23T17:00:00-08:00,4.268,0.517,1.334,2.539,,
2025-01-23T17:10:00-08:00,3.273,0.579,0.837,1.819,,
2025-01-23T17:20:00-08:00,3.482,0.471,1.143,2.043,,
2025-01-23T17:30:00-08:00,6.590999999999999,0.592,3.279,4.691000000000001,,
2025-01-23T17:40:00-08:00,5.69,0.615,3.098,4.3500000000000005,,
2025-01-23T17:50:00-08:00,4.181,0.656,2.047,3.062,,
2025-01-23T18:00:00-08:00,4.465,0.692,1.549,2.874,,
2025-01-23T18:10:00-08:00,2.648,0.32,0.65,1.373,,
2025-01-23T18:20:00-08:00,4.486,0.489,2.347,3.552,,
2025-01-23T18:30:00-08:00,5.063000000000001,0.5820000000000001,3.783,4.934,,
2025-01-23T18:40:00-08:00,3.635,0.5509999999999999,1.701,2.6020000000000003,,
2025-01-23T18:50:00-08:00,1.015,0.199,0.198,0.385,,
2025-01-23T19:00:00-08:00,3.464,0.346,1.536,2.203,,
2025-01-23T19:10:00-08:00,5.698,0.6180000000000001,2.935,4.373,,
2025-01-23T19:20:00-08:00,5.225,0.742,2.699,4.1850000000000005,,
2025-01-23T19:30:00-08:00,5.253,0.696,3.5860000000000003,4.872,,
2025-01-23T19:40:00-08:00,4.46,0.61,2.074,3.068,,
2025-01-23T19:50:00-08:00,4.115,0.482,1.995,2.9370000000000003,,
2025-01-23T20:00:00-08:00,4.077,0.5980000000000001,1.628,2.79,,
2025-01-23T20:10:00-08:00,4.181,0.499,1.983,3.0700000000000003,,
2025-01-23T20:20:00-08:00,5.234,0.584,1.992,3.218,,
2025-01-23T20:30:00-08:00,7.917,0.975,7.720000000000001,9.517,,
2025-01-23T20:40:00-08:00,6.928000000000001,0.6519999999999999,7.165,8.443999999999999,,
2025-01-23T20:50:00-08:00,10.674,0.669,12.482,14.379,,
2025-01-23T21:00:00-08:00,9.995,0.524,10.188,11.99,,
2025-01-23T21:10:00-08:00,10.434,1.374,6.898,9.583,,
2025-01-23T21:20:00-08:00,24.58,3.866,9.117,17.134,,
2025-01-23T21:30:00-08:00,8.795,0.517,7.111,8.652000000000001,,
2025-01-23T21:40:00-08:00,9.6535,0.615,7.82,9.4625,,
2025-01-23T21:50:00-08:00,8.991,0.481,8.7,9.993,,
2025-01-23T22:00:00-08:00,13.107,1.927,6.686999999999999,10.218,,
2025-01-23T22:10:00-08:00,14.506,2.51,5.282,9.94,,
2025-01-23T22:20:00-08:00,4.541,0.606,3.048,4.079000000000001,,
2025-01-23T22:30:00-08:00,6.913,0.4489999999999999,4.8260000000000005,6.04,,
2025-01-23T22:40:00-08:00,5.82,0.4649999999999999,4.354,5.259,,
2025-01-23T22:50:00-08:00,4.091,0.28,2.768,3.5410000000000004,,
2025-01-23T23:00:00-08:00,3.04,0.443,1.757,2.4450000000000003,,
2025-01-23T23:10:00-08:00,3.917,0.4299999999999999,2.697,3.527,,
2025-01-23T23:20:00-08:00,2.21,0.199,1.438,1.859,,
2025-01-23T23:30:00-08:00,2.79,0.186,1.177,1.721,,
2025-01-23T23:40:00-08:00,2.214,0.325,1.08,1.745,,
2025-01-23T23:50:00-08:00,2.533,0.304,1.378,1.946,,
2025-01-24T04:00:00-08:00,1.944,0.194,1.309,1.686,,
2025-01-24T04:10:00-08:00,2.698,0.284,1.507,2.154,,
2025-01-24T04:20:00-08:00,3.037,0.31,2.12,2.738,,
2025-01-24T04:30:00-08:00,3.165,0.201,2.374,2.925,,
2025-01-24T04:40:00-08:00,2.8280000000000003,0.242,2.393,2.816,,
2025-01-24T04:50:00-08:00,3.129,0.398,2.2830000000000004,2.9,,
2025-01-24T05:00:00-08:00,3.157,0.235,2.445,3.011,,
2025-01-24T05:10:00-08:00,3.045,0.419,1.9,2.782,,
2025-01-24T05:20:00-08:00,2.41,0.31,1.88,2.419,,
2025-01-24T05:30:00-08:00,3.736,0.335,1.963,2.732,,
2025-01-24T05:40:00-08:00,3.051,0.194,1.934,2.502,,
2025-01-24T05:50:00-08:00,5.795,0.556,2.841,4.034,,
2025-01-24T06:00:00-08:00,3.553,0.497,1.723,2.818,,
2025-01-24T06:10:00-08:00,10.224,1.084,4.409,6.995,,
2025-01-24T06:20:00-08:00,6.671,0.653,3.247,4.752000000000001,,
2025-01-24T06:30:00-08:00,5.1690000000000005,0.497,3.407,4.585,,
2025-01-24T06:40:00-08:00,4.07,0.387,3.389,4.158,,
2025-01-24T06:50:00-08:00,9.068,0.6679999999999999,6.609,8.626,,
2025-01-24T07:00:00-08:00,10.954,0.941,6.711,9.677,,
2025-01-24T07:10:00-08:00,6.359,0.4389999999999999,5.02,6.498,,
2025-01-24T07:20:00-08:00,7.728999999999999,0.575,6.436,8.261,,
2025-01-24T07:30:00-08:00,7.569,0.6719999999999999,7.111,8.527000000000001,,
2025-01-24T07:40:00-08:00,7.414,0.64,6.129,7.631,,
2025-01-24T07:50:00-08:00,7.242999999999999,0.632,5.647,7.414,,
2025-01-24T08:00:00-08:00,9.441,0.7170000000000001,7.115,8.987,,
2025-01-24T08:10:00-08:00,7.212,0.531,6.575,7.792,,
2025-01-24T08:20:00-08:00,8.78,0.8859999999999999,6.937,8.862,,
2025-01-24T08:30:00-08:00,8.241,0.833,5.728,7.529,,
2025-01-24T08:40:00-08:00,5.097,0.635,2.875,4.154999999999999,,
2025-01-24T08:50:00-08:00,2.269,0.2229999999999999,0.218,0.783,,
2025-01-24T09:00:00-08:00,1.922,0.2269999999999999,0.313,0.724,,
2025-01-24T09:10:00-08:00,1.987,0.302,0.236,0.77,,
2025-01-24T09:20:00-08:00,2.148,0.353,0.286,0.919,,
2025-01-24T09:30:00-08:00,1.781,0.326,0.279,0.766,,
2025-01-24T09:40:00-08:00,1.606,0.245,0.153,0.571,,
2025-01-24T09:50:00-08:00,2.713,0.5559999999999999,0.3409999999999999,1.103,,
2025-01-24T10:00:00-08:00,2.271,0.2279999999999999,0.393,0.851,,
2025-01-24T10:10:00-08:00,3.076,0.5,0.589,1.512,,
2025-01-24T10:20:00-08:00,2.318,0.367,0.345,1.077,,
2025-01-24T10:30:00-08:00,2.5380000000000003,0.266,0.416,1.035,,
2025-01-24T10:40:00-08:00,2.406,0.445,0.496,1.195,,
2025-01-24T10:50:00-08:00,2.941,0.6160000000000001,0.5840000000000001,1.413,,
2025-01-24T11:00:00-08:00,3.167,0.5389999999999999,0.768,1.684,,
2025-01-24T11:10:00-08:00,2.2270000000000003,0.3219999999999999,0.5589999999999999,1.269,,
2025-01-24T11:20:00-08:00,2.278,0.397,0.411,1.124,,
2025-01-24T11:30:00-08:00,2.433,0.391,0.632,1.404,,
2025-01-24T11:40:00-08:00,2.9640000000000004,0.298,0.886,1.515,,
2025-01-24T11:50:00-08:00,3.212,0.562,0.624,1.537,,
2025-01-24T12:00:00-08:00,2.786,0.486,0.487,1.21,,
2025-01-24T12:10:00-08:00,2.846,0.3879999999999999,0.62,1.293,,
2025-01-24T12:20:00-08:00,2.178,0.358,0.478,1.093,,
2025-01-24T12:30:00-08:00,2.176,0.349,0.3289999999999999,0.926,,
2025-01-24T12:40:00-08:00,2.237,0.489,0.275,0.994,,
2025-01-24T12:50:00-08:00,2.049,0.31,0.46,0.911,,
2025-01-24T13:00:00-08:00,2.282,0.2259999999999999,0.52,1.073,,
2025-01-24T13:10:00-08:00,2.3600000000000003,0.309,0.687,1.3530000000000002,,
2025-01-24T13:20:00-08:00,2.125,0.269,0.413,0.948,,
2025-01-24T13:30:00-08:00,2.053,0.402,0.254,0.841,,
2025-01-24T13:40:00-08:00,1.92,0.302,0.213,0.743,,
2025-01-24T13:50:00-08:00,1.23,0.309,0.142,0.508,,
2025-01-24T14:00:00-08:00,1.664,0.307,0.173,0.5760000000000001,,
2025-01-24T14:10:00-08:00,1.418,0.22,0.082,0.5609999999999999,,
2025-01-24T14:20:00-08:00,1.302,0.202,0.073,0.427,,
2025-01-24T14:30:00-08:00,1.439,0.144,0.105,0.419,,
2025-01-24T14:40:00-08:00,2.2175,0.2605,0.32,0.8614999999999999,,
2025-01-24T14:50:00-08:00,2.08,0.356,0.26,0.8420000000000001,,
2025-01-24T15:00:00-08:00,2.12,0.4609999999999999,0.3275,1.0835,,
2025-01-24T15:10:00-08:00,2.121,0.19,0.327,0.8440000000000001,,
2025-01-24T15:20:00-08:00,2.157,0.426,0.358,0.925,,
2025-01-24T15:30:00-08:00,2.516,0.329,0.433,1.182,,
2025-01-24T15:40:00-08:00,3.873,0.415,0.916,1.962,,
2025-01-24T15:50:00-08:00,11.415,1.45,2.81,6.022,,
2025-01-24T16:00:00-08:00,2.194,0.3269999999999999,0.812,1.284,,
2025-01-24T16:10:00-08:00,4.808999999999999,0.728,2.005,3.312,,
2025-01-24T16:20:00-08:00,4.649,0.73,1.799,3.1870000000000003,,
2025-01-24T16:30:00-08:00,4.129,0.665,1.48,2.667,,
2025-01-24T16:40:00-08:00,4.332,0.734,1.409,2.769,,
2025-01-24T16:50:00-08:00,3.444,0.514,1.141,2.17,,
2025-01-24T17:00:00-08:00,3.431,0.534,1.244,2.153,,
2025-01-24T17:10:00-08:00,4.583,0.6890000000000001,1.637,2.944,,
2025-01-24T17:20:00-08:00,5.715,0.8260000000000001,1.483,3.285,,
2025-01-24T17:30:00-08:00,5.748,0.988,1.837,3.54,,
2025-01-24T17:40:00-08:00,4.875,0.663,1.737,3.057,,
2025-01-24T17:50:00-08:00,7.414,1.132,1.967,4.296,,
2025-01-24T18:00:00-08:00,4.845,0.748,1.5739999999999998,3.037,,
2025-01-24T18:10:00-08:00,4.379,1.054,1.767,3.254,,
2025-01-24T18:20:00-08:00,4.678,0.6839999999999999,1.783,2.9850000000000003,,
2025-01-24T18:30:00-08:00,5.099,0.896,1.857,3.4210000000000003,,
2025-01-24T18:40:00-08:00,5.461,0.676,2.343,3.919,,
2025-01-24T18:50:00-08:00,4.885,0.647,2.403,3.754,,
2025-01-24T19:00:00-08:00,5.774,0.898,3.172,4.561999999999999,,
2025-01-24T19:10:00-08:00,6.071,0.424,4.661,6.051,,
2025-01-24T19:20:00-08:00,4.458,0.434,2.2,3.165,,
2025-01-24T19:30:00-08:00,4.739,0.532,2.192,3.4450000000000003,,
2025-01-24T19:40:00-08:00,7.242000000000001,1.115,3.447,5.113,,
2025-01-24T19:50:00-08:00,7.425,0.859,3.311,5.355,,
2025-01-24T20:00:00-08:00,5.223,0.863,2.541,3.949,,
2025-01-24T20:10:00-08:00,4.526,0.553,2.458,3.403,,
2025-01-24T20:20:00-08:00,4.7010000000000005,0.43,2.571,3.621,,
2025-01-24T20:30:00-08:00,4.818,0.643,2.419,3.632,,
2025-01-24T20:40:00-08:00,4.765,0.666,2.358,3.754,,
2025-01-24T20:50:00-08:00,4.646,0.482,2.55,3.458,,
2025-01-24T21:00:00-08:00,7.519,0.75,4.02,5.519,,
2025-01-24T21:10:00-08:00,6.29,0.4579999999999999,3.45,4.786,,
2025-01-24T21:20:00-08:00,5.170999999999999,0.4449999999999999,3.073,4.073,,
2025-01-24T21:30:00-08:00,6.83,0.629,3.948,5.391,,
2025-01-24T21:40:00-08:00,6.815,0.64,5.876,7.088,,
2025-01-24T21:50:00-08:00,5.796,0.41,4.298,5.481999999999999,,
2025-01-24T22:00:00-08:00,5.34,0.527,4.424,5.546,,
2025-01-24T22:10:00-08:00,6.406000000000001,0.507,4.913,6.093999999999999,,
2025-01-24T22:20:00-08:00,6.125,0.433,5.228,6.231,,
2025-01-24T22:30:00-08:00,6.269,0.591,5.069,6.258,,
2025-01-24T22:40:00-08:00,5.503,0.491,4.106,5.295,,
2025-01-24T22:50:00-08:00,4.932,0.3409999999999999,3.724,4.79,,
2025-01-24T23:00:00-08:00,4.991,0.481,4.058,5.143000000000001,,
2025-01-24T23:10:00-08:00,6.578,0.403,5.023,6.171,,
2025-01-24T23:20:00-08:00,6.390000000000001,0.757,5.218,6.8100000000000005,,
2025-01-24T23:30:00-08:00,7.023,0.439,5.641,6.795,,
2025-01-24T23:40:00-08:00,5.892,0.349,5.064,5.916,,
2025-01-24T23:50:00-08:00,6.496,0.609,5.42,6.71,,
2025-01-25T04:00:00-08:00,2.709,0.366,2.305,2.866,,
2025-01-25T04:10:00-08:00,3.403,0.314,2.905,3.545,,
2025-01-25T04:20:00-08:00,3.88,0.387,2.965,3.641,,
2025-01-25T04:30:00-08:00,4.325,0.425,3.324,4.343999999999999,,
2025-01-25T04:40:00-08:00,4.097,0.407,2.884,3.702,,
2025-01-25T04:50:00-08:00,3.993,0.425,2.535,3.4160000000000004,,
2025-01-25T05:00:00-08:00,4.115,0.409,3.12,3.845,,
2025-01-25T05:10:00-08:00,8.49,1.209,4.322,6.849,,
2025-01-25T05:20:00-08:00,6.273,0.605,3.721,5.202,,
2025-01-25T05:30:00-08:00,5.027,0.6859999999999999,2.989,4.367,,
2025-01-25T05:40:00-08:00,4.27,0.451,3.417,4.306,,
2025-01-25T05:50:00-08:00,5.347,0.727,3.414,4.766,,
2025-01-25T06:00:00-08:00,5.606999999999999,0.558,3.627,4.953,,
2025-01-25T06:10:00-08:00,8.835999999999999,0.963,4.997,7.551,,
2025-01-25T06:20:00-08:00,6.612,0.565,3.902,5.353999999999999,,
2025-01-25T06:30:00-08:00,5.982,0.51,3.962,5.316000000000001,,
2025-01-25T06:40:00-08:00,4.68,0.4539999999999999,3.2670000000000003,4.231,,
2025-01-25T06:50:00-08:00,4.255,0.309,3.1260000000000003,3.969,,
2025-01-25T07:00:00-08:00,4.907,0.5289999999999999,3.006,4.305,,
2025-01-25T07:10:00-08:00,4.157,0.536,2.532,3.637,,
2025-01-25T07:20:00-08:00,4.211,0.345,2.871,3.881,,
2025-01-25T07:30:00-08:00,4.9350000000000005,0.722,2.927,4.2170000000000005,,
2025-01-25T07:40:00-08:00,7.089,0.383,6.623,7.844,,
2025-01-25T07:50:00-08:00,8.681,0.615,9.129,10.816,,
2025-01-25T08:00:00-08:00,6.52,0.759,4.789,6.2620000000000005,,
2025-01-25T08:10:00-08:00,7.789999999999999,0.908,4.58,6.707,,
2025-01-25T08:20:00-08:00,6.026,0.663,3.938,5.422000000000001,,
2025-01-25T08:30:00-08:00,4.877,0.583,3.621,4.798,,
2025-01-25T08:40:00-08:00,6.293,0.615,3.462,4.753,,
2025-01-25T08:50:00-08:00,7.571,0.595,4.522,5.944,,
2025-01-25T09:00:00-08:00,8.056,1.028,5.27,7.247999999999999,,
2025-01-25T09:10:00-08:00,8.73,1.148,6.042999999999999,8.1,,
2025-01-25T09:20:00-08:00,10.289,1.209,7.243,9.712,,
2025-01-25T09:30:00-08:00,10.281,0.6970000000000001,9.901,11.689,,
2025-01-25T09:40:00-08:00,15.996,0.976,15.462,18.149,,
2025-01-25T09:50:00-08:00,16.848,0.523,16.73,19.457,,
2025-01-25T10:00:00-08:00,19.405,0.602,19.441,22.433,,
2025-01-25T10:10:00-08:00,24.421,0.883,24.877,29.083,,
2025-01-25T10:20:00-08:00,27.218,0.76,27.146,31.558,,
2025-01-25T10:30:00-08:00,27.298,0.736,28.877,33.293,,
2025-01-25T10:40:00-08:00,29.636000000000003,0.849,29.179,34.526,,
2025-01-25T10:50:00-08:00,28.097,0.951,29.951,35.258,,
2025-01-25T11:00:00-08:00,30.905,1.081,30.787,37.081,,
2025-01-25T11:10:00-08:00,30.76,0.979,30.682,37.065,,
2025-01-25T11:20:00-08:00,28.361,0.977,30.306,35.879999999999995,,
2025-01-25T11:30:00-08:00,26.15,0.863,29.605,34.047,,
2025-01-25T11:40:00-08:00,25.747,0.8109999999999999,29.774,34.782,,
2025-01-25T11:50:00-08:00,23.998,0.73,29.702,33.988,,
2025-01-25T12:00:00-08:00,23.533,0.8200000000000001,30.14,34.73,,
2025-01-25T12:10:00-08:00,24.205,0.944,30.736,35.663,,
2025-01-25T12:20:00-08:00,23.235,0.88,31.601,36.622,,
2025-01-25T12:30:00-08:00,23.806,0.8879999999999999,31.248,36.728,,
2025-01-25T12:40:00-08:00,23.062,0.7929999999999999,31.881,36.873000000000005,,
2025-01-25T12:50:00-08:00,25.597,0.966,32.369,38.672,,
2025-01-25T13:00:00-08:00,21.756,0.7989999999999999,31.112,35.767,,
2025-01-25T13:10:00-08:00,18.808,0.932,28.073,31.585,,
2025-01-25T13:20:00-08:00,16.973,0.99,25.528,28.683,,
2025-01-25T13:30:00-08:00,11.978000000000002,0.673,18.593,20.591,,
2025-01-25T13:40:00-08:00,10.012,0.595,13.8,15.691,,
2025-01-25T13:50:00-08:00,8.548,0.644,13.523,14.95,,
2025-01-25T14:00:00-08:00,9.327,0.6930000000000001,14.749,16.472,,
2025-01-25T14:10:00-08:00,9.845,0.633,14.155,16.407,,
2025-01-25T14:20:00-08:00,9.596,0.7130000000000001,13.214,14.986,,
2025-01-25T14:30:00-08:00,9.172,0.788,13.092,14.91,,
2025-01-25T14:40:00-08:00,10.154,0.552,13.38,15.214,,
2025-01-25T14:50:00-08:00,13.953,0.964,16.705,19.805,,
2025-01-25T15:00:00-08:00,13.443,0.91,15.338,17.913,,
2025-01-25T15:10:00-08:00,6.882,0.599,7.646,9.153,,
2025-01-25T15:20:00-08:00,4.947,0.632,4.964,6.300000000000001,,
2025-01-25T15:30:00-08:00,4.664,0.609,4.445,5.625,,
2025-01-25T15:40:00-08:00,4.731,0.747,4.072,5.41,,
2025-01-25T15:50:00-08:00,5.1850000000000005,0.5569999999999999,5.039,6.265,,
2025-01-25T16:00:00-08:00,5.997,0.742,6.0280000000000005,7.384,,
2025-01-25T16:10:00-08:00,7.205999999999999,0.946,6.702999999999999,8.457,,
2025-01-25T16:20:00-08:00,6.442,0.762,7.326,8.842,,
2025-01-25T16:30:00-08:00,10.346,0.734,11.751,14.364999999999998,,
2025-01-25T16:40:00-08:00,7.883999999999999,0.834,9.764,11.412,,
2025-01-25T16:50:00-08:00,7.164,0.637,6.813000000000001,8.338000000000001,,
2025-01-25T17:00:00-08:00,7.016,0.853,7.004,8.743,,
2025-01-25T17:10:00-08:00,6.74,0.481,7.025,8.407,,
2025-01-25T17:20:00-08:00,6.625,0.765,6.963,8.731,,
2025-01-25T17:30:00-08:00,7.363,0.8360000000000001,7.321,9.085,,
2025-01-25T17:40:00-08:00,7.904,0.883,8.183,9.733,,
2025-01-25T17:50:00-08:00,8.297,0.923,7.851,9.774,,
2025-01-25T18:00:00-08:00,7.779,1.007,6.825,8.871,,
2025-01-25T18:10:00-08:00,8.686,0.77,5.605,7.718999999999999,,
2025-01-25T18:20:00-08:00,9.217,1.131,7.313,9.491,,
2025-01-25T18:30:00-08:00,8.489,1.091,5.533,7.747,,
2025-01-25T18:40:00-08:00,8.649999999999999,1.101,5.545,7.952,,
2025-01-25T18:50:00-08:00,8.11,1.044,5.399,7.566,,
2025-01-25T19:00:00-08:00,8.013,1.0779999999999998,6.883,9.12,,
2025-01-25T19:10:00-08:00,8.873000000000001,0.919,7.194,9.446,,
2025-01-25T19:20:00-08:00,9.787,0.949,8.115,10.328,,
2025-01-25T19:30:00-08:00,9.616,1.37,6.859,9.296,,
2025-01-25T19:40:00-08:00,8.912,1.163,6.817,9.085,,
2025-01-25T19:50:00-08:00,10.578,1.01,7.789,10.446,,
2025-01-25T20:00:00-08:00,9.184,0.875,7.09,9.39,,
2025-01-25T20:10:00-08:00,10.273,1.178,7.213,9.817,,
2025-01-25T20:20:00-08:00,11.279,1.255,6.659000000000001,9.639,,
2025-01-25T20:30:00-08:00,10.157,1.521,6.779999999999999,9.532,,
2025-01-25T20:40:00-08:00,9.91,1.017,7.204000000000001,9.445,,
2025-01-25T20:50:00-08:00,10.873,1.166,7.919,10.474,,
2025-01-25T21:00:00-08:00,10.645,1.21,8.137,10.94,,
2025-01-25T21:10:00-08:00,10.024,1.034,7.631,10.05,,
2025-01-25T21:20:00-08:00,9.581,0.982,7.343999999999999,9.728000000000002,,
2025-01-25T21:30:00-08:00,11.515,1.004,9.589,12.229,,
2025-01-25T21:40:00-08:00,10.894,0.922,10.377,12.984,,
2025-01-25T21:50:00-08:00,12.121,1.495,10.247,13.252,,
2025-01-25T22:00:00-08:00,11.574,1.075,9.94,12.643999999999998,,
2025-01-25T22:10:00-08:00,11.653,1.556,10.218,13.285,,
2025-01-25T22:20:00-08:00,11.303,1.598,8.882,12.027,,
2025-01-25T22:30:00-08:00,10.905,1.252,7.411,10.645,,
2025-01-25T22:40:00-08:00,10.217,1.389,7.57,10.339,,
2025-01-25T22:50:00-08:00,12.95,1.5950000000000002,7.532,11.327,,
2025-01-25T23:00:00-08:00,11.976,1.808,7.978,11.403,,
2025-01-25T23:10:00-08:00,11.981,1.373,8.802,11.473,,
2025-01-25T23:20:00-08:00,13.826,1.365,9.097,12.623,,
2025-01-25T23:30:00-08:00,17.598,2.013,11.073,15.682,,
2025-01-25T23:40:00-08:00,17.256999999999998,1.607,10.172,14.535,,
2025-01-25T23:50:00-08:00,14.092,1.504,8.189,11.744,,
2025-01-26T04:00:00-08:00,6.385,1.011,1.814,3.873,,
2025-01-26T04:10:00-08:00,6.581,1.142,2.165,4.194,,
2025-01-26T04:20:00-08:00,7.85,1.013,2.475,4.814,,
2025-01-26T04:30:00-08:00,7.851,1.038,3.367,5.661,,
2025-01-26T04:40:00-08:00,9.485,1.202,3.699,6.476,,
2025-01-26T04:50:00-08:00,8.265,1.237,3.374,5.777,,
2025-01-26T05:00:00-08:00,8.085,0.985,3.228,5.4670000000000005,,
2025-01-26T05:10:00-08:00,7.872,1.03,2.858,5.064,,
2025-01-26T05:20:00-08:00,6.594,1.026,2.352,4.338,,
2025-01-26T05:30:00-08:00,6.923,0.853,2.197,4.232,,
2025-01-26T05:40:00-08:00,5.658,0.846,2.208,3.85,,
2025-01-26T05:50:00-08:00,7.346,0.778,3.03,4.973,,
2025-01-26T06:00:00-08:00,7.720000000000001,1.027,3.044,4.955,,
2025-01-26T06:10:00-08:00,7.493,0.954,2.935,5.087,,
2025-01-26T06:20:00-08:00,6.008,0.906,3.008,4.718,,
2025-01-26T06:30:00-08:00,7.941000000000001,0.939,3.116,5.039,,
2025-01-26T06:40:00-08:00,6.284,1.004,2.661,4.591,,
2025-01-26T06:50:00-08:00,5.432,0.6000000000000001,2.3070000000000004,3.612,,
2025-01-26T07:00:00-08:00,4.961,0.421,2.172,3.388,,
2025-01-26T07:10:00-08:00,4.285,0.67,2.096,3.238,,
2025-01-26T07:20:00-08:00,4.571,0.6859999999999999,2.242,3.495,,
2025-01-26T07:30:00-08:00,5.745,0.859,2.416,4.156000000000001,,
2025-01-26T07:40:00-08:00,5.468,0.845,2.007,3.691,,
2025-01-26T07:50:00-08:00,5.274,0.773,1.75,3.446,,
2025-01-26T08:00:00-08:00,5.02,0.818,1.754,3.17,,
2025-01-26T08:10:00-08:00,7.641999999999999,1.064,2.592,4.987,,
2025-01-26T08:20:00-08:00,8.468,1.023,2.992,5.361,,
2025-01-26T08:30:00-08:00,5.009,0.899,2.168,3.692,,
2025-01-26T08:40:00-08:00,5.352,0.534,1.879,3.47,,
2025-01-26T08:50:00-08:00,5.775,0.981,2.282,3.961,,
2025-01-26T09:00:00-08:00,5.472,0.866,2.149,3.83,,
2025-01-26T09:10:00-08:00,5.355,0.768,2.048,3.537,,
2025-01-26T09:20:00-08:00,5.4830000000000005,0.6759999999999999,2.009,3.585,,
2025-01-26T09:30:00-08:00,4.583,0.6639999999999999,1.606,2.936,,
2025-01-26T09:40:00-08:00,4.173,0.766,1.036,2.253,,
2025-01-26T09:50:00-08:00,3.072,0.517,0.5960000000000001,1.589,,
2025-01-26T10:00:00-08:00,2.894,0.3615,0.6575,1.331,,
2025-01-26T10:10:00-08:00,2.621,0.264,0.37,0.841,,
2025-01-26T10:20:00-08:00,2.724,0.37,0.503,1.213,,
2025-01-26T10:30:00-08:00,2.214,0.152,0.379,0.872,,
2025-01-26T10:40:00-08:00,2.894,0.5640000000000001,0.488,1.43,,
2025-01-26T10:50:00-08:00,2.4130000000000003,0.259,0.311,0.832,,
2025-01-26T11:00:00-08:00,2.8520000000000003,0.32,0.365,1.041,,
2025-01-26T11:10:00-08:00,2.698,0.262,0.484,1.229,,
2025-01-26T11:20:00-08:00,3.133,0.5980000000000001,0.6499999999999999,1.752,,
2025-01-26T11:30:00-08:00,2.861,0.4619999999999999,0.979,1.861,,
2025-01-26T11:40:00-08:00,3.305,0.399,0.888,1.805,,
2025-01-26T11:50:00-08:00,3.672,0.371,1.236,2.112,,
2025-01-26T12:00:00-08:00,3.794,0.4439999999999999,0.915,2.03,,
2025-01-26T12:10:00-08:00,4.645,0.5980000000000001,1.04,2.425,,
2025-01-26T12:20:00-08:00,5.904,0.999,1.569,3.592,,
2025-01-26T12:30:00-08:00,7.248,0.956,2.279,4.550000000000001,,
2025-01-26T12:40:00-08:00,8.023,1.0950000000000002,3.154,5.354,,
2025-01-26T12:50:00-08:00,6.956,0.706,2.218,4.033,,
2025-01-26T13:00:00-08:00,5.725,0.872,1.611,3.388,,
2025-01-26T13:10:00-08:00,5.491,0.967,1.416,3.005,,
2025-01-26T13:20:00-08:00,4.63,0.7010000000000001,1.327,2.575,,
2025-01-26T13:30:00-08:00,4.366,0.627,1.286,2.601,,
2025-01-26T13:40:00-08:00,2.837,0.6890000000000001,0.717,1.5379999999999998,,
2025-01-26T13:50:00-08:00,2.112,0.3319999999999999,0.18,0.757,,
2025-01-26T14:00:00-08:00,2.415,0.219,0.3259999999999999,0.884,,
2025-01-26T14:10:00-08:00,2.299,0.348,0.863,1.621,,
2025-01-26T14:20:00-08:00,2.548,0.2,1.127,1.646,,
2025-01-26T14:30:00-08:00,1.59,0.185,0.127,0.429,,
2025-01-26T14:40:00-08:00,2.008,0.309,0.866,1.414,,
2025-01-26T14:50:00-08:00,2.02,0.173,0.8420000000000001,1.349,,
2025-01-26T15:00:00-08:00,1.993,0.243,0.503,0.989,,
2025-01-26T15:10:00-08:00,18.449,0.432,14.077,17.108,,
2025-01-26T15:20:00-08:00,1.8475,0.11,0.9175,1.175,,
2025-01-26T15:30:00-08:00,1.564,0.165,1.676,1.93,,
2025-01-26T15:40:00-08:00,2.52,0.173,2.9130000000000003,3.341,,
2025-01-26T15:50:00-08:00,2.434,0.358,1.888,2.579,,
